claim_id,claim,maturity,proof_or_argument,implementation_or_test,source_or_input,experiment,paper_location,raw_result,fresh_recheck,limits
C01,Last-read agreement for the fixed deterministic predicate,PROVED_BY_HAND,proofs/argument.md: Lemma 1,src/model.py; src/checker.py,fixed predicate; InvCOP attribution,read transcript cases,Section IV Lemma 1,not an empirical count,self-audited argument; no independent proof check,fixed pure evaluator; not arbitrary Java invariant methods
C02,New exposure plus touched old read sets is a sufficient frontier,PROVED_BY_HAND,proofs/argument.md: Theorem 1,src/producer.py; src/checker.py,inputs/domain.json,full small-domain census,Section IV Theorem 1; Eq. (5)-(6),results/campaign/exhaustive-2.json; results/campaign/exhaustive-3.json,same-environment clean replay MATCH; results/replay-verification.json; not independent review,not a minimum frontier or a novel dependency principle
C03,Mathematical checker soundness relative completeness and semantic cache preservation,PROVED_BY_HAND; FINITE_CHECKED_IMPLEMENTATION,proofs/argument.md: Theorem 2,src/checker.py; tests/test_certificates.py,fixed policy and authentic complete event/root premise,full census plus directed tests,Section IV Theorem 2; Fig. 2,results/campaign/unit-summary.json; results/campaign/exhaustive-3.json,same-environment clean replay MATCH; results/replay-verification.json; not independent review,no bytecode completeness; no process isolation; no proof-assistant verification
C04,615984 candidates; zero frontier/oracle and checker/oracle disagreements,FINITE_CHECKED,finite-domain accounting,src/exhaustive.py; src/oracle.py,inputs/domain.json,"all changing writes for n=2,3 from every safe pre-state",Abstract; Table I,results/campaign/summary.csv; results/campaign/exhaustive-2-states.csv; results/campaign/exhaustive-3-states.csv,same-environment clean replay MATCH; results/replay-verification.json; not independent review,bounded census not workload prevalence or general proof
C05,Written-object control misses 4296 unsafe candidates,FINITE_CHECKED,two-object relational counterexample,src/exhaustive.py,same exact candidates as full checker,restricted-control ablation,Abstract; Fig. 1; Table II,results/campaign/exhaustive-2.json; results/campaign/exhaustive-3.json,same-environment clean replay MATCH; results/replay-verification.json; not independent review,original restricted control; not a published tool false-negative rate
C06,17 test methods pass; 18 malformed certificates rejected without semantic commit,FINITE_CHECKED,Theorem 2 no-commit property,tests/test_certificates.py; tests/test_witness.py,owned directed fixtures,unit suite,Section VI-C,results/campaign/unit-summary.json; results/campaign/unit-tests.txt,same-environment clean replay MATCH; results/replay-verification.json; not independent review,named mutations; not comprehensive parser security
C07,Semantic BFS returns shortest length/lexicographic violating event sequence before cutoff,PROVED_BY_HAND,proofs/argument.md: Theorem 3,src/witness.py,finite deterministic ordered graph,whole-path comparison,Section V Theorem 3,results/campaign/witnesses.json,same-environment clean replay MATCH; results/replay-verification.json; not independent review,standard theorem; not a least concrete Java construction trace
C08,Five violation witnesses match oracle; one safe graph closes; wrong-key controls discriminate,FINITE_CHECKED,proofs/argument.md: Theorem 3 discussion,tests/test_witness.py; src/witness.py,inputs/witness-programs.json,six owned transition systems,Section V-B,results/campaign/witnesses.json,same-environment clean replay MATCH; results/replay-verification.json; not independent review,depth-bounded no-witness oracle is not independently a proof of safe looping behavior
C09,24 owned round trips give 66 callback and 24 final snapshots; 18 nonready callbacks across 9 cases,MEASURED; FINITE_CHECKED,snapshot predicate agrees with dense oracle,java/BenignGraphs.java; reproduce.py,eight own topologies times three patterns,passive Java observation,Section VI-E; Table IV,results/campaign/java-observations.jsonl; results/campaign/java-summary.json,same-environment clean replay MATCH; results/replay-verification.json; not independent review,no runtime enforcement or event-coverage proof
C10,18 final Java states valid; 6 invalid; zero before/after validity changes and zero constructors during reading,MEASURED; FINITE_CHECKED,ordinary Serializable observation boundary,java/BenignGraphs.java,own in-memory input graphs,passive Java observation,Section VI-E,results/campaign/java-summary.json; results/campaign/java-observations.jsonl,same-environment clean replay MATCH; results/replay-verification.json; not independent review,the six invalid inputs were already invalid; no corrupted initially valid object claim
C11,128-object fixture: denial; 2 obligations; 613-byte encoding including newline,FINITE_CHECKED; MEASURED,capacity construction,reproduce.py; tests/test_certificates.py:test_bound_128,owned 128-node cycle,one capacity fixture,Section VI-D,results/campaign/capacity.json; results/campaign/certificate-128.json,same-environment clean replay MATCH; results/replay-verification.json; not independent review,admission/capacity only; no exhaustive 128-object claim
C12,1068056 full obligations vs 681696 frontier obligations; 4458364 full-census checker steps,MEASURED_COUNT,specified operation convention,src/exhaustive.py; src/checker.py,inputs/domain.json,same-domain structural count,Table III,results/campaign/summary.csv,same-environment clean replay MATCH; results/replay-verification.json; not independent review,not a runtime speedup or processor instruction count
C13,Canonical campaign CPU 29.1980s; aggregate maximum-RSS sum 190560KiB,MEASURED,Linux parent/child measurement convention,reproduce.py,canonical campaign,single worker and sequential Java children,Section VI-F,results/campaign/measurements.json,archived raw measurement checked; replay timings separately retained,not an exact whole-research CPU total or synchronized RSS
C14,Original predicate has redundant cross-object conjunct over root closure,PROVED_BY_HAND; FINITE_CHECKED,proofs/argument.md: Proposition 3,src/redundant_control.py,original negative-design predicate,4968-event two-object pilot,Section VI-A; Eq. (8),results/redundant-predicate-pilot.json; results/campaign/redundant-predicate.json,same-environment clean replay MATCH; results/replay-verification.json; not independent review,retained unfavorable test-design finding; not positive dependency evidence
C15,Omitting a retained external alias can make the same field updates appear safe,PROVED_BY_HAND; FINITE_CHECKED,proofs/argument.md: Proposition 1,tests/test_certificates.py:test_external_retention_must_be_observed,owned two-object example,paired complete/incomplete-root observation,Section VII-A,results/campaign/unit-tests.txt,same-environment clean replay MATCH; results/replay-verification.json; not independent review,violates observation premise; not a checker theorem counterexample
C16,Indistinguishable safe/unsafe observations preclude simultaneous exact acceptance and rejection,PROVED_BY_HAND,proofs/argument.md: Proposition 2,two-history mathematical witness,specified observation interface,no external execution,Section VII-B Proposition 1,not an empirical count,self-audited argument; no independent proof check,elementary interface limitation; not universal reflection/native impossibility
C17,Novel deserialization-specific guarantee and concrete JVM refinement are not established,NOT_ESTABLISHED,research-plan and proof scope,no concrete refinement implementation,InvCOP; secure initialization; masked types; certifying algorithms,not a completed experiment,Abstract; Section VII-C; Conclusion,source ledger and explicit absent obligations,source comparison; research lock remains open,cannot label checkpoint a completed TIFS paper
