name,url,license,access_date,resource_type,acquisition_method,reading_extent,integration_mode,supported_claim,internals_modified
MUSTI: Dynamic Prevention of Invalid Object Initialization Attacks,https://www.abartel.net/static/p/tifs2019-musti.pdf,copyright retained by original holders; not redistributed,2026-09-14,scholarly author manuscript,browser primary author PDF,full 12-page substantive paper and figures read,citation and qualified historical analysis only,constructor-chain runtime defense; historical source; no transferred speedup,no
MUSTI publisher identifier,https://doi.org/10.1109/TIFS.2019.2894356,bibliographic metadata only,2026-09-14,stable scholarly identifier,publisher/repository metadata cross-check,bibliographic record,citation identifier,TIFS 14(8) 2167-2178 2019,no
Runtime Monitoring of Object Invariants with Guarantee,https://www.microsoft.com/en-us/research/wp-content/uploads/2016/02/rv08.pdf,copyright retained by original holders; not redistributed,2026-09-14,scholarly author manuscript,browser Microsoft Research PDF,full 15-page substantive paper and figures read,principle attribution; no code or baseline integration,last-read invariant dependency principle is prior work,no
InvCOP publisher identifier,https://doi.org/10.1007/978-3-540-89247-2_10,bibliographic metadata only,2026-09-14,stable scholarly identifier,publisher chapter metadata,bibliographic record,citation identifier,RV 2008 LNCS 5289 pp158-172,no
Enforcing Secure Object Initialization in Java,https://arxiv.org/abs/1007.3133,author/publisher rights; not redistributed,2026-09-14,scholarly archived paper,browser arXiv record and PDF; publisher chapter metadata,abstract and substantive selected semantics passages; not full-paper calibration,citation only,modular initialization typing and Coq soundness are prior work,no
Masked Types for Sound Object Initialization,https://www.cs.cornell.edu/andru/papers/masked-types.pdf,ACM copyright; personal/classroom terms in paper; not redistributed,2026-09-14,scholarly author manuscript,browser primary author page and PDF,abstract and selected discussion; not full-paper calibration,citation only,partial-field typestate and cyclic initialization are prior work,no
Certifying algorithms,https://people.mpi-inf.mpg.de/~mehlhorn/ftp/CertifyingAlgorithms.pdf,author/publisher rights; not redistributed,2026-09-14,scholarly author preprint,browser primary author PDF and publisher metadata,introduction and Section 12 incl diagrams; not all 94 pages,citation only,separate checking and stateful reactive certification are prior techniques,no
Certifying algorithms publisher identifier,https://doi.org/10.1016/j.cosrev.2010.09.009,bibliographic metadata only,2026-09-14,stable scholarly identifier,publisher bibliographic record,metadata,citation identifier,Computer Science Review 5(2)119-161 2011,no
Seneca: Taint-Based Call Graph Construction for Java Object Deserialization,https://arxiv.org/abs/2311.00943,author/publisher rights; not redistributed,2026-09-14,scholarly archived paper,browser arXiv PDF and metadata,abstract/selected passages and publication metadata; not all 29 pages,citation only,deserialization call-graph modeling is distinct prior work,no
Java Object Serialization Specification chapter 3,https://docs.oracle.com/en/java/javase/25/docs/specs/serialization/input.html,Oracle rights; not redistributed,2026-09-14,necessary technical specification,browser first-party documentation,sections 3.1 and 3.4; relevant validation/substitution discussion,semantic motivation; standard-library API use in original Java fixtures,ordinary Serializable construction and callback-stage distinction,no
SPS Information for Authors,https://signalprocessingsociety.org/publications-resources/information-authors/,IEEE website rights; not redistributed,2026-09-14,official workflow rule,browser first-party page reopened,initial-paper format/length/supplement/anonymity/novelty passages,workflow contract only; not manuscript bibliography,13-page initial maximum and six-page recommended specialist supplement; visible authors,no
IEEE AI-generated content guidelines,https://open.ieee.org/author-guidelines-for-artificial-intelligence-ai-generated-text/,IEEE website rights; not redistributed,2026-09-14,official workflow rule,browser first-party page,content-disclosure paragraph,truthful acknowledgment and external-use hold,substantive AI use disclosure names system scope and sections,no
IEEE Article Templates family,https://magazines.ieeeauthorcenter.ieee.org/create-your-ieee-magazine-article/authoring-tools-and-templates/ieee-article-templates/,upstream IEEE terms,2026-09-14,official template-family page,browser first-party page linked by SPS,template-family guidance,workflow provenance only,IEEE publication family; does not certify inaccessible selector output,no
IEEE interactive template selector,https://template-selector.ieee.org/,upstream IEEE terms,2026-09-14,official selector,browser open failed with internal error,unavailable; not read,explicit submission-readiness limitation,current selector selection not verified,no
Supplied IEEEtran class and bibliography style,https://www.ctan.org/pkg/ieeetran,original file-header terms; class LPPL; bibliography style retains its separate notice,2026-09-14,user-supplied publisher-family assets,matched uploaded template; structural inspection and direct byte comparison,class/style headers and active journal settings inspected,unmodified in paper only; bibliography style retained but not required by manual-bibliography build,current note compiles with supplied family; not vendor-byte-certified latest selection,no
Owned finite inputs and Java fixtures,,MIT for original material to extent rights held; see LICENSE,2026-09-14,original scientific input,locally authored for this project; no download,complete exact files retained,inputs/*.json; java/BenignGraphs.java; generated controls,all executed scientific data are self-contained and benign,not applicable
